precision,recall,f1_score,mean_distance,plot
0.5105348460291734,0.9237536656891495,0.6576200417536535,1.319968318700947,plot_08
