precision,recall,f1_score,mean_distance,plot
0.42929936305732486,0.9882697947214076,0.5985790408525754,1.0366059283000064,plot_08
